<?xml version="1.0" encoding="utf-8"?>
<lint>
    <issue id="GoogleAppIndexingWarning" severity="informational" />
    <issue id="AllowBackup" severity="informational" />
    <issue id="UnusedResources">
        <!-- These are generated by the google-services plugin. -->
        <ignore regexp="project_id|google_crash_reporting_api_key" />
    </issue>
    <issue id="ObsoleteLintCustomCheck" severity="informational" />
    <issue id="GradleDependency" severity="informational" />
    <issue id="GradleDynamicVersion" severity="informational" />
    <issue id="RtlHardcoded" severity="informational" />
    <issue id="LabelFor" severity="informational" />
    <issue id="TypographyFractions" severity="informational" />
    <issue id="TypographyEllipsis" severity="informational" />
</lint>
